Episode,Reward,Lines Cleared
0,0,0
1,83,2
2,-2,0
3,-1,0
4,122,3
5,-1,0
6,164,4
7,-1,0
8,0,0
9,165,4
10,41,1
11,40,1
12,-2,0
13,0,0
14,40,1
15,206,5
16,41,1
17,102,2
18,165,4
19,0,0
20,-1,0
21,-1,0
22,41,1
23,-1,0
24,143,3
25,41,1
26,-2,0
27,123,3
28,-2,0
29,41,1
30,-1,0
31,124,3
32,123,3
33,81,2
34,-2,0
35,101,2
36,-1,0
37,0,0
38,123,3
39,82,2
40,41,1
41,83,2
42,-1,0
43,0,0
44,82,2
45,-2,0
46,41,1
47,-2,0
48,-1,0
49,-1,0
50,81,2
51,0,0
52,-2,0
53,0,0
54,82,2
55,40,1
56,-1,0
57,0,0
58,41,1
59,41,1
60,82,2
61,40,1
62,-1,0
63,41,1
64,-2,0
65,-1,0
66,40,1
67,-1,0
68,-2,0
69,40,1
70,0,0
71,-1,0
72,40,1
73,82,2
74,40,1
75,-1,0
76,0,0
77,-2,0
78,41,1
79,0,0
80,-1,0
81,40,1
82,41,1
83,41,1
84,-1,0
85,40,1
86,41,1
87,-1,0
88,165,4
89,-1,0
90,-3,0
91,0,0
92,82,2
93,-2,0
94,0,0
95,41,1
96,124,3
97,-2,0
98,-1,0
99,-1,0
100,102,2
101,-1,0
102,40,1
103,40,1
104,143,3
105,-1,0
106,41,1
107,266,6
108,0,0
109,-1,0
110,-1,0
111,-1,0
112,0,0
113,-1,0
114,0,0
115,0,0
116,82,2
117,-1,0
118,82,2
119,41,1
120,0,0
121,-1,0
122,-1,0
123,-1,0
124,-2,0
125,-1,0
126,0,0
127,0,0
128,82,2
129,41,1
130,-1,0
131,41,1
132,0,0
133,-1,0
134,-1,0
135,0,0
136,0,0
137,-1,0
138,123,3
139,0,0
140,41,1
141,82,2
142,-1,0
143,-2,0
144,-2,0
145,-1,0
146,0,0
147,-1,0
148,41,1
149,41,1
150,-1,0
151,-1,0
152,386,5
153,103,2
154,42,1
155,40,1
156,82,2
157,-1,0
158,83,2
159,-2,0
160,102,2
161,82,2
162,0,0
163,41,1
164,-1,0
165,-1,0
166,41,1
167,-2,0
168,41,1
169,-1,0
170,-1,0
171,-1,0
172,-1,0
173,185,4
174,0,0
175,81,2
176,-1,0
177,41,1
178,-1,0
179,0,0
180,41,1
181,40,1
182,184,4
183,0,0
184,-1,0
185,185,4
186,40,1
187,0,0
188,143,3
189,0,0
190,41,1
191,-1,0
192,40,1
193,144,3
194,0,0
195,83,2
196,-1,0
197,-1,0
198,42,1
199,-1,0
200,102,2
201,0,0
202,247,6
203,-1,0
204,-1,0
205,41,1
206,124,3
207,-1,0
208,41,1
209,82,2
210,-1,0
211,40,1
212,40,1
213,41,1
214,40,1
215,0,0
216,-1,0
217,-1,0
218,102,2
219,40,1
220,41,1
221,41,1
222,-1,0
223,-2,0
224,0,0
225,-1,0
226,82,2
227,593,10
228,-2,0
229,-2,0
230,-1,0
231,101,2
232,41,1
233,82,2
234,82,2
235,-1,0
236,-1,0
237,-1,0
238,40,1
239,41,1
240,-1,0
241,-1,0
242,40,1
243,-2,0
244,0,0
245,41,1
246,-1,0
247,41,1
248,226,5
249,41,1
250,-1,0
251,41,1
252,0,0
253,41,1
254,-1,0
255,40,1
256,41,1
257,-1,0
258,-2,0
259,40,1
260,82,2
261,123,3
262,41,1
263,227,5
264,489,7
265,184,4
266,-1,0
267,40,1
268,42,1
269,143,3
270,-2,0
271,-1,0
272,40,1
273,42,1
274,81,2
275,-2,0
276,0,0
277,82,2
278,-1,0
279,0,0
280,-1,0
281,-2,0
282,-2,0
283,-1,0
284,-1,0
285,-2,0
286,-1,0
287,41,1
288,41,1
289,-1,0
290,40,1
291,-1,0
292,0,0
293,-1,0
294,-1,0
295,-1,0
296,143,3
297,41,1
298,41,1
299,0,0
300,-1,0
301,41,1
302,-2,0
303,123,3
304,40,1
305,124,3
306,124,3
307,-1,0
308,-2,0
309,41,1
310,1,0
311,123,3
312,81,2
313,40,1
314,39,1
315,-2,0
316,0,0
317,0,0
318,-1,0
319,41,1
320,248,6
321,-1,0
322,82,2
323,-1,0
324,-1,0
325,0,0
326,-1,0
327,0,0
328,41,1
329,40,1
330,102,2
331,0,0
332,-1,0
333,0,0
334,41,1
335,0,0
336,-1,0
337,42,1
338,40,1
339,-1,0
340,0,0
341,165,4
342,0,0
343,-1,0
344,83,2
345,0,0
346,-1,0
347,-1,0
348,41,1
349,40,1
350,123,3
351,227,5
352,40,1
353,41,1
354,0,0
355,40,1
356,-2,0
357,-1,0
358,0,0
359,165,4
360,124,3
361,40,1
362,-1,0
363,41,1
364,0,0
365,-1,0
366,-1,0
367,41,1
368,40,1
369,0,0
370,42,1
371,0,0
372,-1,0
373,206,5
374,-1,0
375,82,2
376,103,2
377,82,2
378,102,2
379,0,0
380,-1,0
381,41,1
382,-1,0
383,41,1
384,123,3
385,0,0
386,-1,0
387,40,1
388,-1,0
389,-2,0
390,41,1
391,42,1
392,0,0
393,41,1
394,40,1
395,123,3
396,40,1
397,0,0
398,41,1
399,82,2
400,123,3
401,-1,0
402,40,1
403,-1,0
404,82,2
405,41,1
406,143,3
407,-1,0
408,41,1
409,41,1
410,-1,0
411,0,0
412,103,2
413,-1,0
414,83,2
415,-1,0
416,40,1
417,-1,0
418,40,1
419,-1,0
420,206,5
421,41,1
422,-1,0
423,-1,0
424,122,3
425,-2,0
426,144,3
427,42,1
428,-1,0
429,-1,0
430,82,2
431,-1,0
432,40,1
433,0,0
434,41,1
435,-2,0
436,0,0
437,123,3
438,-1,0
439,41,1
440,184,4
441,40,1
442,39,1
443,82,2
444,-1,0
445,-1,0
446,39,1
447,83,2
448,-2,0
449,-1,0
450,0,0
451,165,4
452,-1,0
453,82,2
454,-1,0
455,0,0
456,82,2
457,0,0
458,142,3
459,-1,0
460,123,3
461,0,0
462,-1,0
463,102,2
464,82,2
465,0,0
466,-1,0
467,41,1
468,-1,0
469,41,1
470,-1,0
471,40,1
472,303,3
473,144,3
474,0,0
475,0,0
476,41,1
477,-1,0
478,82,2
479,41,1
480,0,0
481,-1,0
482,41,1
483,1,0
484,-1,0
485,-1,0
486,40,1
487,102,2
488,-1,0
489,-1,0
490,-2,0
491,-2,0
492,205,4
493,-1,0
494,-1,0
495,-1,0
496,41,1
497,-2,0
498,82,2
499,0,0
500,40,1
501,-1,0
502,41,1
503,123,3
504,40,1
505,-2,0
506,-1,0
507,0,0
508,0,0
509,83,2
510,123,3
511,-1,0
512,-1,0
513,-1,0
514,-1,0
515,-1,0
516,123,3
517,40,1
518,-2,0
519,42,1
520,-1,0
521,40,1
522,82,2
523,41,1
524,0,0
525,-1,0
526,-1,0
527,40,1
528,39,1
529,81,2
530,0,0
531,40,1
532,-2,0
533,83,2
534,41,1
535,124,3
536,123,3
537,-2,0
538,41,1
539,40,1
540,0,0
541,41,1
542,0,0
543,41,1
544,-2,0
545,-1,0
546,0,0
547,0,0
548,-1,0
549,1,0
550,0,0
551,-1,0
552,81,2
553,0,0
554,0,0
555,-2,0
556,82,2
557,41,1
558,226,5
559,41,1
560,40,1
561,-1,0
562,82,2
563,0,0
564,143,3
565,-1,0
566,41,1
567,302,3
568,41,1
569,0,0
570,82,2
571,-1,0
572,-1,0
573,-2,0
574,41,1
575,41,1
576,83,2
577,41,1
578,103,2
579,-1,0
580,40,1
581,0,0
582,101,2
583,-2,0
584,0,0
585,41,1
586,0,0
587,83,2
588,103,2
589,-1,0
590,-1,0
591,41,1
592,123,3
593,39,1
594,40,1
595,184,4
596,0,0
597,41,1
598,40,1
599,40,1
600,41,1
601,41,1
602,40,1
603,41,1
604,-1,0
605,41,1
606,-1,0
607,41,1
608,83,2
609,82,2
610,-1,0
611,0,0
612,124,3
613,-1,0
614,-2,0
615,83,2
616,-1,0
617,83,2
618,103,2
619,-1,0
620,0,0
621,81,2
622,41,1
623,-1,0
624,-1,0
625,123,3
626,82,2
627,124,3
628,-2,0
629,0,0
630,184,4
631,184,4
632,41,1
633,225,5
634,-1,0
635,144,3
636,0,0
637,41,1
638,-1,0
639,-1,0
640,0,0
641,-1,0
642,0,0
643,-1,0
644,41,1
645,41,1
646,123,3
647,-1,0
648,40,1
649,40,1
650,-1,0
651,40,1
652,185,4
653,40,1
654,0,0
655,101,2
656,0,0
657,0,0
658,41,1
659,82,2
660,0,0
661,-1,0
662,-1,0
663,81,2
664,82,2
665,-2,0
666,41,1
667,0,0
668,0,0
669,0,0
670,82,2
671,-1,0
672,41,1
673,-2,0
674,0,0
675,-2,0
676,40,1
677,0,0
678,-1,0
679,-2,0
680,-1,0
681,-2,0
682,0,0
683,-1,0
684,81,2
685,41,1
686,0,0
687,40,1
688,40,1
689,-1,0
690,83,2
691,-1,0
692,184,4
693,-1,0
694,82,2
695,41,1
696,124,3
697,41,1
698,-1,0
699,-1,0
700,83,2
701,41,1
702,0,0
703,-1,0
704,-2,0
705,-1,0
706,40,1
707,42,1
708,-1,0
709,41,1
710,0,0
711,-1,0
712,0,0
713,41,1
714,41,1
715,41,1
716,81,2
717,0,0
718,40,1
719,82,2
720,-1,0
721,82,2
722,0,0
723,41,1
724,-2,0
725,-2,0
726,-1,0
727,83,2
728,165,4
729,0,0
730,-1,0
731,0,0
732,0,0
733,-1,0
734,0,0
735,41,1
736,40,1
737,40,1
738,-1,0
739,-1,0
740,0,0
741,40,1
742,0,0
743,41,1
744,41,1
745,0,0
746,-1,0
747,40,1
748,41,1
749,0,0
750,40,1
751,40,1
752,123,3
753,-1,0
754,-1,0
755,41,1
756,143,3
757,82,2
758,165,4
759,-2,0
760,82,2
761,41,1
762,41,1
763,143,3
764,-1,0
765,0,0
766,82,2
767,82,2
768,165,4
769,-1,0
770,41,1
771,-1,0
772,0,0
773,-1,0
774,41,1
775,40,1
776,0,0
777,124,3
778,82,2
779,-1,0
780,0,0
781,267,6
782,-1,0
783,40,1
784,41,1
785,0,0
786,41,1
787,247,6
788,-1,0
789,204,4
790,41,1
791,41,1
792,-1,0
793,0,0
794,41,1
795,41,1
796,83,2
797,-1,0
798,0,0
799,-1,0
800,0,0
801,-1,0
802,41,1
803,-2,0
804,-1,0
805,-1,0
806,102,2
807,-1,0
808,-1,0
809,-1,0
810,82,2
811,-1,0
812,287,6
813,40,1
814,0,0
815,-2,0
816,83,2
817,184,4
818,41,1
819,-1,0
820,-2,0
821,41,1
822,124,3
823,0,0
824,82,2
825,0,0
826,39,1
827,40,1
828,102,2
829,83,2
830,-1,0
831,40,1
832,40,1
833,-1,0
834,-1,0
835,40,1
836,0,0
837,123,3
838,81,2
839,41,1
840,103,2
841,0,0
842,0,0
843,41,1
844,405,5
845,0,0
846,40,1
847,41,1
848,-1,0
849,82,2
850,-1,0
851,82,2
852,-1,0
853,143,3
854,41,1
855,0,0
856,184,4
857,144,3
858,0,0
859,-1,0
860,41,1
861,123,3
862,-1,0
863,81,2
864,42,1
865,185,4
866,41,1
867,-1,0
868,186,4
869,165,4
870,-1,0
871,82,2
872,123,3
873,41,1
874,83,2
875,0,0
876,0,0
877,-1,0
878,103,2
879,82,2
880,-1,0
881,41,1
882,82,2
883,0,0
884,40,1
885,0,0
886,81,2
887,-1,0
888,41,1
889,185,4
890,205,4
891,165,4
892,-1,0
893,-1,0
894,-1,0
895,40,1
896,329,7
897,-2,0
898,0,0
899,81,2
900,0,0
901,81,2
902,41,1
903,81,2
904,-1,0
905,206,5
906,143,3
907,-1,0
908,41,1
909,0,0
910,0,0
911,184,4
912,100,2
913,0,0
914,-1,0
915,-1,0
916,385,5
917,-2,0
918,-1,0
919,81,2
920,41,1
921,82,2
922,82,2
923,-1,0
924,41,1
925,-1,0
926,81,2
927,0,0
928,0,0
929,-1,0
930,41,1
931,-1,0
932,-1,0
933,83,2
934,0,0
935,-1,0
936,40,1
937,0,0
938,-2,0
939,185,4
940,-2,0
941,40,1
942,-1,0
943,123,3
944,41,1
945,40,1
946,40,1
947,82,2
948,0,0
949,83,2
950,82,2
951,-1,0
952,-1,0
953,-1,0
954,-1,0
955,41,1
956,-1,0
957,226,5
958,-1,0
959,-2,0
960,-1,0
961,-1,0
962,41,1
963,123,3
964,41,1
965,41,1
966,41,1
967,41,1
968,0,0
969,41,1
970,83,2
971,328,7
972,-1,0
973,83,2
974,-1,0
975,453,10
976,-2,0
977,0,0
978,204,4
979,0,0
980,-1,0
981,41,1
982,0,0
983,-1,0
984,0,0
985,83,2
986,-1,0
987,0,0
988,-1,0
989,102,2
990,-1,0
991,40,1
992,40,1
993,82,2
994,-1,0
995,40,1
996,-1,0
997,41,1
998,-1,0
999,226,5
1000,-1,0
1001,81,2
1002,41,1
1003,-1,0
1004,41,1
1005,82,2
1006,82,2
1007,81,2
1008,0,0
1009,0,0
1010,41,1
1011,41,1
1012,41,1
1013,83,2
1014,185,4
1015,-1,0
1016,83,2
1017,41,1
1018,41,1
1019,41,1
1020,143,3
1021,205,5
1022,40,1
1023,40,1
1024,-1,0
1025,-1,0
1026,41,1
1027,185,4
1028,-1,0
1029,41,1
1030,103,2
1031,0,0
1032,39,1
1033,41,1
1034,-1,0
1035,40,1
1036,226,5
1037,-1,0
1038,82,2
1039,-1,0
1040,41,1
1041,-1,0
1042,41,1
1043,41,1
1044,124,3
1045,41,1
1046,40,1
1047,-2,0
1048,41,1
1049,41,1
1050,142,3
1051,0,0
1052,0,0
1053,144,3
1054,41,1
1055,41,1
1056,0,0
1057,-1,0
1058,82,2
1059,41,1
1060,39,1
1061,144,3
1062,-2,0
1063,0,0
1064,40,1
1065,123,3
1066,0,0
1067,0,0
1068,0,0
1069,0,0
1070,40,1
1071,40,1
1072,41,1
1073,-1,0
1074,41,1
1075,41,1
1076,82,2
1077,-1,0
1078,82,2
1079,-1,0
1080,41,1
1081,-1,0
1082,82,2
1083,-1,0
1084,41,1
1085,-1,0
1086,41,1
1087,41,1
1088,39,1
1089,81,2
1090,124,3
1091,0,0
1092,-1,0
1093,0,0
1094,-1,0
1095,82,2
1096,-1,0
1097,83,2
1098,165,4
1099,-1,0
1100,102,2
1101,82,2
1102,41,1
1103,-2,0
1104,83,2
1105,-1,0
1106,0,0
1107,83,2
1108,0,0
1109,143,3
1110,41,1
1111,0,0
1112,-1,0
1113,41,1
1114,-1,0
1115,41,1
1116,41,1
1117,41,1
1118,-1,0
1119,41,1
1120,226,5
1121,-1,0
1122,205,4
1123,0,0
1124,82,2
1125,0,0
1126,-1,0
1127,185,4
1128,41,1
1129,0,0
1130,370,8
1131,41,1
1132,-1,0
1133,40,1
1134,41,1
1135,41,1
1136,0,0
1137,40,1
1138,165,4
1139,0,0
1140,186,4
1141,-1,0
1142,0,0
1143,40,1
1144,82,2
1145,41,1
1146,41,1
1147,-1,0
1148,-1,0
1149,0,0
1150,102,2
1151,41,1
1152,41,1
1153,82,2
1154,-1,0
1155,0,0
1156,0,0
1157,0,0
1158,-1,0
1159,123,3
1160,184,4
1161,40,1
1162,41,1
1163,0,0
1164,-1,0
1165,0,0
1166,309,7
1167,41,1
1168,40,1
1169,-1,0
1170,41,1
1171,386,5
1172,-1,0
1173,124,3
1174,41,1
1175,-2,0
1176,-1,0
1177,41,1
1178,82,2
1179,-1,0
1180,41,1
1181,-1,0
1182,-1,0
1183,-1,0
1184,83,2
1185,185,4
1186,0,0
1187,0,0
1188,40,1
1189,40,1
1190,41,1
1191,-1,0
1192,-1,0
1193,-2,0
1194,0,0
1195,39,1
1196,-1,0
1197,39,1
1198,82,2
1199,143,3
1200,82,2
1201,143,3
1202,41,1
1203,0,0
1204,165,4
1205,-1,0
1206,-1,0
1207,-1,0
1208,40,1
1209,124,3
1210,41,1
1211,124,3
1212,41,1
1213,40,1
1214,144,3
1215,-1,0
1216,205,4
1217,-1,0
1218,81,2
1219,83,2
1220,41,1
1221,-1,0
1222,246,5
1223,41,1
1224,124,3
1225,83,2
1226,41,1
1227,-1,0
1228,0,0
1229,102,2
1230,-1,0
1231,304,3
1232,447,6
1233,-1,0
1234,82,2
1235,41,1
1236,-1,0
1237,0,0
1238,41,1
1239,-1,0
1240,82,2
1241,-1,0
1242,82,2
1243,165,4
1244,287,6
1245,-1,0
1246,41,1
1247,41,1
1248,123,3
1249,41,1
1250,83,2
1251,-1,0
1252,-1,0
1253,-1,0
1254,41,1
1255,0,0
1256,0,0
1257,0,0
1258,143,3
1259,-1,0
1260,103,2
1261,-1,0
1262,42,1
1263,83,2
1264,41,1
1265,-1,0
1266,-1,0
1267,-1,0
1268,0,0
1269,41,1
1270,41,1
1271,227,5
1272,40,1
1273,-1,0
1274,143,3
1275,-1,0
1276,41,1
1277,40,1
1278,0,0
1279,40,1
1280,0,0
1281,0,0
1282,0,0
1283,123,3
1284,-1,0
1285,40,1
1286,-2,0
1287,267,6
1288,0,0
1289,-1,0
1290,-1,0
1291,122,3
1292,144,3
1293,40,1
1294,41,1
1295,0,0
1296,40,1
1297,288,6
1298,-1,0
1299,124,3
1300,-1,0
1301,-1,0
1302,83,2
1303,-1,0
1304,227,5
1305,42,1
1306,0,0
1307,-1,0
1308,82,2
1309,0,0
1310,123,3
1311,40,1
1312,-2,0
1313,40,1
1314,144,3
1315,0,0
1316,-1,0
1317,447,6
1318,41,1
1319,41,1
1320,40,1
1321,41,1
1322,-2,0
1323,-1,0
1324,-1,0
1325,-1,0
1326,82,2
1327,82,2
1328,41,1
1329,166,4
1330,0,0
1331,0,0
1332,41,1
1333,-1,0
1334,0,0
1335,40,1
1336,185,4
1337,41,1
1338,-1,0
1339,41,1
1340,226,5
1341,41,1
1342,0,0
1343,-1,0
1344,82,2
1345,82,2
1346,-1,0
1347,0,0
1348,40,1
1349,-1,0
1350,-1,0
1351,83,2
1352,82,2
1353,-2,0
1354,82,2
1355,40,1
1356,246,5
1357,40,1
1358,-1,0
1359,226,5
1360,41,1
1361,41,1
1362,0,0
1363,-2,0
1364,-1,0
1365,427,6
1366,0,0
1367,83,2
1368,0,0
1369,-1,0
1370,41,1
1371,-2,0
1372,41,1
1373,41,1
1374,-1,0
1375,41,1
1376,40,1
1377,83,2
1378,0,0
1379,185,4
1380,0,0
1381,40,1
1382,123,3
1383,40,1
1384,-2,0
1385,-1,0
1386,143,3
1387,82,2
1388,40,1
1389,41,1
1390,428,6
1391,82,2
1392,41,1
1393,41,1
1394,-1,0
1395,82,2
1396,-1,0
1397,40,1
1398,-1,0
1399,41,1
1400,41,1
1401,40,1
1402,83,2
1403,40,1
1404,40,1
1405,-2,0
1406,0,0
1407,40,1
1408,-1,0
1409,41,1
1410,41,1
1411,41,1
1412,124,3
1413,0,0
1414,0,0
1415,40,1
1416,124,3
1417,83,2
1418,82,2
1419,-1,0
1420,41,1
1421,41,1
1422,40,1
1423,82,2
1424,41,1
1425,41,1
1426,82,2
1427,41,1
1428,-1,0
1429,102,2
1430,40,1
1431,83,2
1432,82,2
1433,123,3
1434,-2,0
1435,309,7
1436,-1,0
1437,40,1
1438,83,2
1439,-1,0
1440,-2,0
1441,-1,0
1442,144,3
1443,41,1
1444,287,6
1445,82,2
1446,123,3
1447,0,0
1448,124,3
1449,0,0
1450,41,1
1451,123,3
1452,40,1
1453,185,4
1454,41,1
1455,-1,0
1456,406,5
1457,41,1
1458,42,1
1459,0,0
1460,41,1
1461,40,1
1462,0,0
1463,40,1
1464,82,2
1465,0,0
1466,82,2
1467,82,2
1468,41,1
1469,-1,0
1470,83,2
1471,123,3
1472,0,0
1473,41,1
1474,40,1
1475,41,1
1476,41,1
1477,103,2
1478,143,3
1479,0,0
1480,345,4
1481,40,1
1482,143,3
1483,41,1
1484,-1,0
1485,41,1
1486,144,3
1487,40,1
1488,41,1
1489,0,0
1490,-1,0
1491,41,1
1492,-1,0
1493,165,4
1494,-1,0
1495,0,0
1496,41,1
1497,0,0
1498,165,4
1499,0,0
1500,-1,0
1501,41,1
1502,83,2
1503,123,3
1504,0,0
1505,0,0
1506,0,0
1507,0,0
1508,185,4
1509,0,0
1510,144,3
1511,-2,0
1512,41,1
1513,81,2
1514,40,1
1515,0,0
1516,-1,0
1517,0,0
1518,-1,0
1519,-1,0
1520,-1,0
1521,82,2
1522,-1,0
1523,42,1
1524,41,1
1525,-1,0
1526,0,0
1527,144,3
1528,40,1
1529,40,1
1530,41,1
1531,-1,0
1532,124,3
1533,-1,0
1534,-2,0
1535,165,4
1536,40,1
1537,82,2
1538,-1,0
1539,101,2
1540,124,3
1541,-1,0
1542,83,2
1543,-1,0
1544,-1,0
1545,0,0
1546,41,1
1547,-1,0
1548,40,1
1549,41,1
1550,165,4
1551,124,3
1552,41,1
1553,41,1
1554,83,2
1555,-1,0
1556,-2,0
1557,489,7
1558,41,1
1559,41,1
1560,41,1
1561,123,3
1562,41,1
1563,226,5
1564,0,0
1565,42,1
1566,42,1
1567,123,3
1568,41,1
1569,0,0
1570,41,1
1571,268,6
1572,41,1
1573,267,6
1574,0,0
1575,-1,0
1576,42,1
1577,0,0
1578,41,1
1579,41,1
1580,0,0
1581,83,2
1582,40,1
1583,42,1
1584,40,1
1585,41,1
1586,41,1
1587,82,2
1588,0,0
1589,0,0
1590,143,3
1591,185,4
1592,82,2
1593,40,1
1594,41,1
1595,41,1
1596,41,1
1597,41,1
1598,-1,0
1599,-2,0
1600,-1,0
1601,-2,0
1602,184,4
1603,40,1
1604,41,1
1605,-1,0
1606,82,2
1607,-1,0
1608,41,1
1609,-1,0
1610,-1,0
1611,40,1
1612,-1,0
1613,83,2
1614,144,3
1615,-1,0
1616,0,0
1617,0,0
1618,41,1
1619,40,1
1620,0,0
1621,144,3
1622,82,2
1623,-1,0
1624,40,1
1625,469,7
1626,-1,0
1627,0,0
1628,41,1
1629,41,1
1630,41,1
1631,-1,0
1632,41,1
1633,0,0
1634,41,1
1635,41,1
1636,-1,0
1637,-1,0
1638,386,5
1639,0,0
1640,40,1
1641,309,7
1642,41,1
1643,41,1
1644,83,2
1645,-1,0
1646,-1,0
1647,82,2
1648,-2,0
1649,-1,0
1650,0,0
1651,82,2
1652,-2,0
1653,-2,0
1654,0,0
1655,-1,0
1656,0,0
1657,40,1
1658,-2,0
1659,80,2
1660,83,2
1661,124,3
1662,-2,0
1663,-2,0
1664,-2,0
1665,185,4
1666,-2,0
1667,-1,0
1668,-1,0
1669,-2,0
1670,41,1
1671,206,5
1672,-1,0
1673,0,0
1674,82,2
1675,0,0
1676,0,0
1677,41,1
1678,82,2
1679,41,1
1680,0,0
1681,-1,0
1682,82,2
1683,124,3
1684,-2,0
1685,41,1
1686,-1,0
1687,41,1
1688,41,1
1689,0,0
1690,40,1
1691,41,1
1692,40,1
1693,40,1
1694,41,1
1695,0,0
1696,-1,0
1697,0,0
1698,-1,0
1699,164,4
1700,82,2
1701,39,1
1702,41,1
1703,42,1
1704,226,5
1705,40,1
1706,82,2
1707,124,3
1708,-1,0
1709,41,1
1710,41,1
1711,41,1
1712,0,0
1713,-1,0
1714,-1,0
1715,-1,0
1716,143,3
1717,0,0
1718,0,0
1719,0,0
1720,82,2
1721,0,0
1722,41,1
1723,40,1
1724,82,2
1725,-1,0
1726,-1,0
1727,0,0
1728,0,0
1729,0,0
1730,41,1
1731,-1,0
1732,81,2
1733,41,1
1734,-1,0
1735,40,1
1736,41,1
1737,165,4
1738,41,1
1739,-2,0
1740,123,3
1741,0,0
1742,40,1
1743,41,1
1744,41,1
1745,-1,0
1746,-1,0
1747,41,1
1748,1,0
1749,124,3
1750,-2,0
1751,0,0
1752,-1,0
1753,0,0
1754,41,1
1755,0,0
1756,0,0
1757,41,1
1758,82,2
1759,-1,0
1760,41,1
1761,143,3
1762,41,1
1763,-1,0
1764,-1,0
1765,-1,0
1766,0,0
1767,83,2
1768,0,0
1769,-1,0
1770,-1,0
1771,82,2
1772,40,1
1773,-2,0
1774,83,2
1775,0,0
1776,81,2
1777,-1,0
1778,81,2
1779,225,5
1780,42,1
1781,-2,0
1782,41,1
1783,0,0
1784,303,3
1785,41,1
1786,0,0
1787,41,1
1788,82,2
1789,41,1
1790,-1,0
1791,-1,0
1792,82,2
1793,41,1
1794,472,10
1795,81,2
1796,40,1
1797,41,1
1798,101,2
1799,0,0
1800,0,0
1801,0,0
1802,82,2
1803,-1,0
1804,-1,0
1805,123,3
1806,124,3
1807,41,1
1808,184,4
1809,0,0
1810,-1,0
1811,82,2
1812,83,2
1813,-1,0
1814,-1,0
1815,41,1
1816,185,4
1817,41,1
1818,0,0
1819,40,1
1820,-1,0
1821,41,1
1822,124,3
1823,-1,0
1824,40,1
1825,0,0
1826,82,2
1827,0,0
1828,40,1
1829,-2,0
1830,41,1
1831,41,1
1832,-1,0
1833,144,3
1834,267,6
1835,41,1
1836,163,4
1837,0,0
1838,40,1
1839,0,0
1840,102,2
1841,-1,0
1842,83,2
1843,-1,0
1844,41,1
1845,124,3
1846,0,0
1847,-1,0
1848,185,4
1849,247,6
1850,41,1
1851,0,0
1852,0,0
1853,41,1
1854,40,1
1855,-1,0
1856,83,2
1857,40,1
1858,0,0
1859,40,1
1860,41,1
1861,0,0
1862,41,1
1863,41,1
1864,40,1
1865,40,1
1866,82,2
1867,165,4
1868,41,1
1869,344,4
1870,82,2
1871,-1,0
1872,0,0
1873,0,0
1874,185,4
1875,124,3
1876,41,1
1877,41,1
1878,40,1
1879,0,0
1880,-1,0
1881,0,0
1882,83,2
1883,81,2
1884,82,2
1885,227,5
1886,0,0
1887,0,0
1888,-1,0
1889,-1,0
1890,-1,0
1891,83,2
1892,42,1
1893,41,1
1894,0,0
1895,-1,0
1896,-1,0
1897,-1,0
1898,40,1
1899,144,3
1900,40,1
1901,123,3
1902,-1,0
1903,-1,0
1904,143,3
1905,102,2
1906,-1,0
1907,83,2
1908,40,1
1909,-1,0
1910,227,5
1911,82,2
1912,0,0
1913,83,2
1914,0,0
1915,123,3
1916,39,1
1917,-1,0
1918,41,1
1919,-1,0
1920,0,0
1921,123,3
1922,102,2
1923,0,0
1924,82,2
1925,40,1
1926,82,2
1927,-1,0
1928,-1,0
1929,-1,0
1930,83,2
1931,41,1
1932,185,4
1933,124,3
1934,184,4
1935,40,1
1936,-1,0
1937,40,1
1938,42,1
1939,124,3
1940,41,1
1941,0,0
1942,42,1
1943,-1,0
1944,40,1
1945,0,0
1946,-1,0
1947,165,4
1948,144,3
1949,-1,0
1950,-1,0
1951,-1,0
1952,41,1
1953,41,1
1954,165,4
1955,1,0
1956,-2,0
1957,41,1
1958,-2,0
1959,40,1
1960,205,4
1961,0,0
1962,143,3
1963,124,3
1964,41,1
1965,-1,0
1966,102,2
1967,-1,0
1968,0,0
1969,42,1
1970,83,2
1971,0,0
1972,41,1
1973,41,1
1974,-1,0
1975,-1,0
1976,41,1
1977,387,5
1978,41,1
1979,0,0
1980,144,3
1981,-1,0
1982,40,1
1983,-1,0
1984,226,5
1985,185,4
1986,165,4
1987,-1,0
1988,165,4
1989,40,1
1990,82,2
1991,-1,0
1992,309,7
1993,226,5
1994,1,0
1995,40,1
1996,-1,0
1997,-2,0
1998,0,0
1999,165,4
2000,123,3
2001,-2,0
2002,0,0
2003,0,0
2004,41,1
2005,0,0
2006,82,2
2007,0,0
2008,0,0
2009,0,0
2010,40,1
2011,-1,0
2012,41,1
2013,-2,0
2014,0,0
2015,-1,0
2016,42,1
2017,102,2
2018,41,1
2019,-1,0
2020,41,1
2021,40,1
2022,124,3
2023,41,1
2024,40,1
2025,0,0
2026,0,0
2027,124,3
2028,41,1
2029,40,1
2030,-1,0
2031,-2,0
2032,-1,0
2033,124,3
2034,41,1
2035,143,3
2036,-1,0
2037,144,3
2038,82,2
2039,41,1
2040,41,1
2041,40,1
2042,0,0
2043,185,4
2044,165,4
2045,-1,0
2046,83,2
2047,0,0
2048,40,1
2049,-1,0
2050,0,0
2051,41,1
2052,-2,0
2053,345,4
2054,-1,0
2055,0,0
2056,-1,0
2057,-2,0
2058,41,1
2059,-1,0
2060,82,2
2061,83,2
2062,81,2
2063,248,6
2064,0,0
2065,144,3
2066,83,2
2067,0,0
2068,123,3
2069,82,2
2070,41,1
2071,0,0
2072,41,1
2073,123,3
2074,0,0
2075,-1,0
2076,82,2
2077,124,3
2078,165,4
2079,-1,0
2080,0,0
2081,-1,0
2082,184,4
2083,0,0
2084,123,3
2085,42,1
2086,123,3
2087,82,2
2088,42,1
2089,0,0
2090,42,1
2091,103,2
2092,41,1
2093,40,1
2094,165,4
2095,-1,0
2096,185,4
2097,-2,0
2098,41,1
2099,40,1
2100,41,1
2101,165,4
2102,82,2
2103,41,1
2104,41,1
2105,41,1
2106,-1,0
2107,102,2
2108,42,1
2109,40,1
2110,124,3
2111,0,0
2112,82,2
2113,40,1
2114,103,2
2115,-1,0
2116,1,0
2117,-1,0
2118,-1,0
2119,41,1
2120,103,2
2121,41,1
2122,83,2
2123,41,1
2124,41,1
2125,-1,0
2126,-1,0
2127,41,1
2128,41,1
2129,0,0
2130,166,4
2131,-1,0
2132,-2,0
2133,0,0
2134,248,6
2135,143,3
2136,83,2
2137,-1,0
2138,102,2
2139,43,1
2140,41,1
2141,40,1
2142,0,0
2143,40,1
2144,102,2
2145,41,1
2146,0,0
2147,206,5
2148,41,1
2149,0,0
2150,41,1
2151,428,6
2152,-1,0
2153,0,0
2154,-1,0
2155,185,4
2156,144,3
2157,-1,0
2158,41,1
2159,0,0
2160,41,1
2161,0,0
2162,41,1
2163,0,0
2164,102,2
2165,-1,0
2166,-2,0
2167,0,0
2168,-1,0
2169,0,0
2170,123,3
2171,41,1
2172,40,1
2173,41,1
2174,225,5
2175,0,0
2176,41,1
2177,0,0
2178,82,2
2179,41,1
2180,40,1
2181,123,3
2182,124,3
2183,102,2
2184,82,2
2185,41,1
2186,144,3
2187,-1,0
2188,40,1
2189,0,0
2190,-1,0
2191,267,6
2192,103,2
2193,0,0
2194,41,1
2195,143,3
2196,165,4
2197,308,7
2198,-1,0
2199,82,2
2200,41,1
2201,-1,0
2202,41,1
2203,0,0
2204,-1,0
2205,0,0
2206,0,0
2207,0,0
2208,144,3
2209,41,1
2210,0,0
2211,-1,0
2212,-1,0
2213,0,0
2214,41,1
2215,83,2
2216,227,5
2217,-1,0
2218,-2,0
2219,41,1
2220,-1,0
2221,82,2
2222,350,8
2223,124,3
2224,82,2
2225,247,5
2226,41,1
2227,0,0
2228,0,0
2229,41,1
2230,41,1
2231,82,2
2232,0,0
2233,-1,0
2234,385,5
2235,82,2
2236,101,2
2237,571,9
2238,42,1
2239,0,0
2240,144,3
2241,165,4
2242,123,3
2243,124,3
2244,-1,0
2245,41,1
2246,0,0
2247,41,1
2248,124,3
2249,82,2
2250,0,0
2251,-2,0
2252,-1,0
2253,124,3
2254,185,4
2255,-1,0
2256,82,2
2257,41,1
2258,-2,0
2259,-2,0
2260,144,3
2261,-1,0
2262,-1,0
2263,-1,0
2264,82,2
2265,40,1
2266,-1,0
2267,0,0
2268,41,1
2269,-1,0
2270,41,1
2271,103,2
2272,0,0
2273,41,1
2274,81,2
2275,-1,0
2276,83,2
2277,41,1
2278,41,1
2279,143,3
2280,124,3
2281,0,0
2282,82,2
2283,144,3
2284,82,2
2285,-1,0
2286,40,1
2287,123,3
2288,82,2
2289,143,3
2290,83,2
2291,164,4
2292,82,2
2293,40,1
2294,41,1
2295,40,1
2296,-2,0
2297,124,3
2298,-1,0
2299,-2,0
2300,41,1
2301,82,2
2302,83,2
2303,-1,0
2304,144,3
2305,82,2
2306,0,0
2307,41,1
2308,0,0
2309,-1,0
2310,42,1
2311,41,1
2312,0,0
2313,226,5
2314,82,2
2315,0,0
2316,-1,0
2317,41,1
2318,42,1
2319,0,0
2320,41,1
2321,83,2
2322,124,3
2323,0,0
2324,143,3
2325,0,0
2326,82,2
2327,40,1
2328,82,2
2329,41,1
2330,370,8
2331,164,4
2332,41,1
2333,83,2
2334,-2,0
2335,226,5
2336,0,0
2337,41,1
2338,42,1
2339,83,2
2340,41,1
2341,40,1
2342,124,3
2343,81,2
2344,41,1
2345,224,5
2346,41,1
2347,0,0
2348,0,0
2349,206,5
2350,123,3
2351,41,1
2352,102,2
2353,-1,0
2354,40,1
2355,41,1
2356,0,0
2357,185,4
2358,41,1
2359,-1,0
2360,81,2
2361,345,4
2362,41,1
2363,41,1
2364,41,1
2365,41,1
2366,123,3
2367,-1,0
2368,41,1
2369,0,0
2370,-1,0
2371,82,2
2372,185,4
2373,144,3
2374,42,1
2375,82,2
2376,0,0
2377,0,0
2378,0,0
2379,0,0
2380,0,0
2381,41,1
2382,41,1
2383,-1,0
2384,41,1
2385,83,2
2386,123,3
2387,41,1
2388,-1,0
2389,-2,0
2390,41,1
2391,83,2
2392,41,1
2393,41,1
2394,42,1
2395,41,1
2396,-1,0
2397,124,3
2398,83,2
2399,83,2
2400,82,2
2401,41,1
2402,83,2
2403,41,1
2404,510,8
2405,287,6
2406,0,0
2407,0,0
2408,103,2
2409,0,0
2410,530,8
2411,0,0
2412,40,1
2413,0,0
2414,226,5
2415,41,1
2416,0,0
2417,82,2
2418,83,2
2419,83,2
2420,40,1
2421,40,1
2422,124,3
2423,206,4
2424,82,2
2425,82,2
2426,83,2
2427,82,2
2428,-1,0
2429,-1,0
2430,40,1
2431,82,2
2432,0,0
2433,288,6
2434,41,1
2435,185,4
2436,-2,0
2437,83,2
2438,41,1
2439,41,1
2440,-1,0
2441,123,3
2442,124,3
2443,0,0
2444,40,1
2445,0,0
2446,41,1
2447,83,2
2448,226,5
2449,41,1
2450,-1,0
2451,427,6
2452,0,0
2453,41,1
2454,164,4
2455,41,1
2456,0,0
2457,40,1
2458,42,1
2459,0,0
2460,41,1
2461,40,1
2462,41,1
2463,41,1
2464,41,1
2465,83,2
2466,41,1
2467,165,4
2468,-1,0
2469,41,1
2470,-1,0
2471,0,0
2472,41,1
2473,-2,0
2474,207,5
2475,-1,0
2476,0,0
2477,0,0
2478,103,2
2479,0,0
2480,165,4
2481,83,2
2482,0,0
2483,345,4
2484,124,3
2485,42,1
2486,41,1
2487,83,2
2488,41,1
2489,0,0
2490,0,0
2491,123,3
2492,83,2
2493,0,0
2494,-1,0
2495,41,1
2496,123,3
2497,41,1
2498,309,7
2499,386,5
2500,83,2
2501,40,1
2502,-1,0
2503,144,3
2504,124,3
2505,-1,0
2506,82,2
2507,83,2
2508,42,1
2509,-2,0
2510,-1,0
2511,83,2
2512,165,4
2513,83,2
2514,124,3
2515,123,3
2516,0,0
2517,124,3
2518,40,1
2519,0,0
2520,82,2
2521,124,3
2522,0,0
2523,41,1
2524,0,0
2525,82,2
2526,82,2
2527,0,0
2528,431,9
2529,82,2
2530,41,1
2531,-1,0
2532,103,2
2533,165,4
2534,82,2
2535,-1,0
2536,-1,0
2537,0,0
2538,41,1
2539,0,0
2540,41,1
2541,41,1
2542,0,0
2543,0,0
2544,41,1
2545,41,1
2546,185,4
2547,124,3
2548,40,1
2549,123,3
2550,226,5
2551,-1,0
2552,-1,0
2553,41,1
2554,41,1
2555,226,5
2556,246,5
2557,0,0
2558,41,1
2559,40,1
2560,41,1
2561,103,2
2562,40,1
2563,-1,0
2564,83,2
2565,-1,0
2566,81,2
2567,41,1
2568,226,5
2569,41,1
2570,41,1
2571,83,2
2572,82,2
2573,0,0
2574,41,1
2575,82,2
2576,41,1
2577,-1,0
2578,124,3
2579,185,4
2580,0,0
2581,0,0
2582,345,4
2583,42,1
2584,41,1
2585,0,0
2586,41,1
2587,82,2
2588,83,2
2589,40,1
2590,83,2
2591,1,0
2592,0,0
2593,-1,0
2594,0,0
2595,123,3
2596,0,0
2597,-1,0
2598,0,0
2599,40,1
2600,83,2
2601,0,0
2602,41,1
2603,226,5
2604,82,2
2605,-1,0
2606,83,2
2607,81,2
2608,41,1
2609,81,2
2610,124,3
2611,142,3
2612,42,1
2613,0,0
2614,41,1
2615,165,4
2616,267,6
2617,41,1
2618,41,1
2619,41,1
2620,185,4
2621,41,1
2622,42,1
2623,144,3
2624,41,1
2625,0,0
2626,41,1
2627,-2,0
2628,103,2
2629,-1,0
2630,248,6
2631,0,0
2632,81,2
2633,41,1
2634,-1,0
2635,370,8
2636,82,2
2637,165,4
2638,124,3
2639,82,2
2640,-1,0
2641,0,0
2642,82,2
2643,165,4
2644,-1,0
2645,41,1
2646,-1,0
2647,0,0
2648,510,8
2649,453,10
2650,41,1
2651,41,1
2652,-2,0
2653,411,9
2654,248,6
2655,83,2
2656,226,5
2657,82,2
2658,0,0
2659,40,1
2660,-1,0
2661,350,8
2662,41,1
2663,42,1
2664,41,1
2665,184,4
2666,0,0
2667,288,6
2668,40,1
2669,0,0
2670,0,0
2671,124,3
2672,-1,0
2673,0,0
2674,1412,9
2675,40,1
2676,41,1
2677,41,1
2678,185,4
2679,143,3
2680,41,1
2681,83,2
2682,226,5
2683,40,1
2684,-1,0
2685,83,2
2686,124,3
2687,41,1
2688,41,1
2689,-1,0
2690,0,0
2691,0,0
2692,267,6
2693,143,3
2694,82,2
2695,83,2
2696,42,1
2697,206,5
2698,41,1
2699,124,3
2700,82,2
2701,41,1
2702,-1,0
2703,-1,0
2704,42,1
2705,41,1
2706,-1,0
2707,143,3
2708,0,0
2709,41,1
2710,-2,0
2711,0,0
2712,-1,0
2713,83,2
2714,41,1
2715,350,8
2716,0,0
2717,83,2
2718,0,0
2719,0,0
2720,41,1
2721,0,0
2722,206,5
2723,41,1
2724,206,5
2725,-1,0
2726,82,2
2727,0,0
2728,0,0
2729,42,1
2730,41,1
2731,0,0
2732,103,2
2733,165,4
2734,0,0
2735,40,1
2736,-1,0
2737,143,3
2738,82,2
2739,41,1
2740,552,9
2741,41,1
2742,41,1
2743,41,1
2744,0,0
2745,-1,0
2746,41,1
2747,41,1
2748,41,1
2749,83,2
2750,41,1
2751,185,4
2752,309,7
2753,40,1
2754,82,2
2755,0,0
2756,-2,0
2757,204,4
2758,0,0
2759,82,2
2760,0,0
2761,0,0
2762,42,1
2763,144,3
2764,41,1
2765,308,7
2766,185,4
2767,41,1
2768,289,7
2769,41,1
2770,142,3
2771,184,4
2772,41,1
2773,82,2
2774,0,0
2775,206,5
2776,42,1
2777,-1,0
2778,144,3
2779,185,4
2780,287,6
2781,-1,0
2782,-1,0
2783,124,3
2784,0,0
2785,102,2
2786,41,1
2787,41,1
2788,41,1
2789,0,0
2790,-1,0
2791,41,1
2792,123,3
2793,40,1
2794,-1,0
2795,124,3
2796,0,0
2797,227,5
2798,41,1
2799,124,3
2800,42,1
2801,82,2
2802,40,1
2803,143,3
2804,81,2
2805,0,0
2806,41,1
2807,307,6
2808,185,4
2809,0,0
2810,41,1
2811,81,2
2812,41,1
2813,0,0
2814,0,0
2815,-1,0
2816,0,0
2817,0,0
2818,41,1
2819,0,0
2820,0,0
2821,0,0
2822,0,0
2823,83,2
2824,0,0
2825,411,9
2826,124,3
2827,83,2
2828,83,2
2829,268,6
2830,350,8
2831,82,2
2832,82,2
2833,41,1
2834,41,1
2835,-1,0
2836,41,1
2837,83,2
2838,41,1
2839,41,1
2840,0,0
2841,0,0
2842,0,0
2843,144,3
2844,42,1
2845,0,0
2846,-1,0
2847,0,0
2848,42,1
2849,207,5
2850,0,0
2851,185,4
2852,-1,0
2853,123,3
2854,-1,0
2855,82,2
2856,165,4
2857,82,2
2858,185,4
2859,0,0
2860,0,0
2861,83,2
2862,41,1
2863,207,5
2864,83,2
2865,0,0
2866,41,1
2867,41,1
2868,41,1
2869,124,3
2870,41,1
2871,102,2
2872,-1,0
2873,83,2
2874,124,3
2875,40,1
2876,0,0
2877,41,1
2878,0,0
2879,287,6
2880,103,2
2881,185,4
2882,81,2
2883,82,2
2884,226,5
2885,83,2
2886,82,2
2887,82,2
2888,41,1
2889,289,7
2890,142,3
2891,83,2
2892,-1,0
2893,0,0
2894,41,1
2895,42,1
2896,41,1
2897,0,0
2898,124,3
2899,0,0
2900,0,0
2901,82,2
2902,0,0
2903,42,1
2904,42,1
2905,304,3
2906,83,2
2907,42,1
2908,41,1
2909,0,0
2910,-1,0
2911,0,0
2912,124,3
2913,41,1
2914,0,0
2915,-1,0
2916,740,16
2917,267,6
2918,144,3
2919,185,4
2920,469,7
2921,41,1
2922,144,3
2923,82,2
2924,0,0
2925,185,4
2926,41,1
2927,0,0
2928,83,2
2929,82,2
2930,41,1
2931,-1,0
2932,42,1
2933,144,3
2934,387,5
2935,247,6
2936,268,6
2937,-1,0
2938,41,1
2939,-1,0
2940,41,1
2941,83,2
2942,369,8
2943,268,6
2944,124,3
2945,42,1
2946,124,3
2947,42,1
2948,0,0
2949,41,1
2950,-1,0
2951,40,1
2952,0,0
2953,41,1
2954,-1,0
2955,185,4
2956,83,2
2957,227,5
2958,0,0
2959,0,0
2960,83,2
2961,0,0
2962,83,2
2963,0,0
2964,41,1
2965,124,3
2966,0,0
2967,123,3
2968,41,1
2969,0,0
2970,0,0
2971,0,0
2972,0,0
2973,83,2
2974,411,9
2975,247,6
2976,123,3
2977,81,2
2978,82,2
2979,0,0
2980,-1,0
2981,165,4
2982,83,2
2983,41,1
2984,41,1
2985,143,3
2986,1,0
2987,40,1
2988,42,1
2989,0,0
2990,83,2
2991,41,1
2992,83,2
2993,0,0
2994,226,5
2995,41,1
2996,41,1
2997,0,0
2998,206,5
2999,207,5
3000,0,0
3001,0,0
3002,42,1
3003,448,6
3004,0,0
3005,0,0
3006,309,7
3007,165,4
3008,0,0
3009,0,0
3010,0,0
3011,42,1
3012,42,1
3013,83,2
3014,0,0
3015,41,1
3016,41,1
3017,42,1
3018,42,1
3019,227,5
3020,83,2
3021,143,3
3022,185,4
3023,143,3
3024,247,6
3025,42,1
3026,0,0
3027,-1,0
3028,166,4
3029,41,1
3030,83,2
3031,83,2
3032,143,3
3033,41,1
3034,166,4
3035,0,0
3036,0,0
3037,0,0
3038,42,1
3039,165,4
3040,-1,0
3041,185,4
3042,0,0
3043,41,1
3044,226,5
3045,226,5
3046,-1,0
3047,247,6
3048,40,1
3049,82,2
3050,0,0
3051,0,0
3052,0,0
3053,206,5
3054,41,1
3055,0,0
3056,0,0
3057,41,1
3058,42,1
3059,42,1
3060,-1,0
3061,42,1
3062,0,0
3063,370,8
3064,41,1
3065,-1,0
3066,40,1
3067,40,1
3068,82,2
3069,246,5
3070,41,1
3071,0,0
3072,287,6
3073,83,2
3074,83,2
3075,0,0
3076,42,1
3077,0,0
3078,82,2
3079,0,0
3080,0,0
3081,165,4
3082,0,0
3083,0,0
3084,41,1
3085,411,9
3086,124,3
3087,42,1
3088,0,0
3089,350,8
3090,387,5
3091,0,0
3092,124,3
3093,42,1
3094,83,2
3095,40,1
3096,207,5
3097,124,3
3098,124,3
3099,0,0
3100,0,0
3101,0,0
3102,0,0
3103,41,1
3104,0,0
3105,41,1
3106,42,1
3107,1,0
3108,42,1
3109,0,0
3110,1,0
3111,-1,0
3112,226,5
3113,165,4
3114,165,4
3115,82,2
3116,0,0
3117,41,1
3118,144,3
3119,42,1
3120,41,1
3121,-1,0
3122,1,0
3123,-1,0
3124,41,1
3125,83,2
3126,0,0
3127,124,3
3128,0,0
3129,392,9
3130,0,0
3131,82,2
3132,82,2
3133,41,1
3134,41,1
3135,0,0
3136,185,4
3137,0,0
3138,206,5
3139,-1,0
3140,0,0
3141,654,11
3142,82,2
3143,143,3
3144,83,2
3145,41,1
3146,83,2
3147,124,3
3148,82,2
3149,165,4
3150,83,2
3151,0,0
3152,124,3
3153,165,4
3154,0,0
3155,-2,0
3156,226,5
3157,-1,0
3158,102,2
3159,42,1
3160,41,1
3161,226,5
3162,267,6
3163,41,1
3164,1,0
3165,82,2
3166,0,0
3167,227,5
3168,41,1
3169,0,0
3170,124,3
3171,0,0
3172,-1,0
3173,0,0
3174,0,0
3175,246,5
3176,42,1
3177,42,1
3178,82,2
3179,0,0
3180,309,7
3181,82,2
3182,-1,0
3183,0,0
3184,124,3
3185,144,3
3186,0,0
3187,-1,0
3188,40,1
3189,206,5
3190,0,0
3191,124,3
3192,0,0
3193,577,13
3194,83,2
3195,41,1
3196,83,2
3197,0,0
3198,41,1
3199,41,1
3200,370,8
3201,124,3
3202,40,1
3203,0,0
3204,205,5
3205,0,0
3206,42,1
3207,268,6
3208,102,2
3209,-1,0
3210,82,2
3211,82,2
3212,144,3
3213,81,2
3214,83,2
3215,0,0
3216,41,1
3217,123,3
3218,83,2
3219,83,2
3220,124,3
3221,-1,0
3222,0,0
3223,165,4
3224,41,1
3225,82,2
3226,185,4
3227,0,0
3228,0,0
3229,165,4
3230,0,0
3231,82,2
3232,185,4
3233,289,7
3234,41,1
3235,227,5
3236,185,4
3237,83,2
3238,185,4
3239,0,0
3240,0,0
3241,0,0
3242,0,0
3243,165,4
3244,1,0
3245,0,0
3246,0,0
3247,268,6
3248,350,8
3249,-1,0
3250,83,2
3251,82,2
3252,144,3
3253,246,5
3254,41,1
3255,205,5
3256,0,0
3257,0,0
3258,0,0
3259,41,1
3260,598,14
3261,41,1
3262,207,5
3263,226,5
3264,102,2
3265,0,0
3266,123,3
3267,-1,0
3268,-1,0
3269,102,2
3270,-1,0
3271,0,0
3272,83,2
3273,943,18
3274,185,4
3275,904,19
3276,0,0
3277,-1,0
3278,555,12
3279,165,4
3280,267,6
3281,432,10
3282,124,3
3283,41,1
3284,41,1
3285,0,0
3286,267,6
3287,41,1
3288,124,3
3289,-1,0
3290,0,0
3291,-1,0
3292,41,1
3293,82,2
3294,1,0
3295,41,1
3296,0,0
3297,-1,0
3298,446,6
3299,82,2
3300,83,2
3301,165,4
3302,41,1
3303,41,1
3304,370,8
3305,42,1
3306,41,1
3307,268,6
3308,42,1
3309,102,2
3310,144,3
3311,82,2
3312,-1,0
3313,144,3
3314,0,0
3315,41,1
3316,42,1
3317,0,0
3318,185,4
3319,0,0
3320,41,1
3321,82,2
3322,103,2
3323,309,7
3324,0,0
3325,-1,0
3326,41,1
3327,82,2
3328,0,0
3329,83,2
3330,41,1
3331,41,1
3332,0,0
3333,207,5
3334,247,6
3335,83,2
3336,227,5
3337,83,2
3338,-1,0
3339,82,2
3340,42,1
3341,42,1
3342,328,7
3343,124,3
3344,41,1
3345,124,3
3346,0,0
3347,82,2
3348,41,1
3349,124,3
3350,288,7
3351,41,1
3352,41,1
3353,165,4
3354,166,4
3355,0,0
3356,124,3
3357,82,2
3358,41,1
3359,165,4
3360,41,1
3361,0,0
3362,205,4
3363,41,1
3364,83,2
3365,124,3
3366,346,4
3367,82,2
3368,41,1
3369,0,0
3370,-1,0
3371,41,1
3372,83,2
3373,0,0
3374,0,0
3375,0,0
3376,782,17
3377,248,6
3378,143,3
3379,267,6
3380,226,5
3381,207,5
3382,82,2
3383,144,3
3384,0,0
3385,83,2
3386,185,4
3387,40,1
3388,42,1
3389,0,0
3390,699,15
3391,40,1
3392,0,0
3393,41,1
3394,82,2
3395,185,4
3396,-1,0
3397,267,6
3398,124,3
3399,0,0
3400,41,1
3401,41,1
3402,41,1
3403,41,1
3404,-1,0
3405,0,0
3406,-1,0
3407,40,1
3408,0,0
3409,83,2
3410,123,3
3411,165,4
3412,42,1
3413,0,0
3414,42,1
3415,0,0
3416,124,3
3417,144,3
3418,124,3
3419,41,1
3420,42,1
3421,488,7
3422,41,1
3423,41,1
3424,40,1
3425,0,0
3426,82,2
3427,42,1
3428,0,0
3429,83,2
3430,41,1
3431,247,6
3432,144,3
3433,207,5
3434,0,0
3435,124,3
3436,185,4
3437,0,0
3438,0,0
3439,42,1
3440,0,0
3441,0,0
3442,1030,24
3443,248,6
3444,41,1
3445,0,0
3446,207,5
3447,1,0
3448,41,1
3449,-1,0
3450,83,2
3451,41,1
3452,1373,27
3453,469,7
3454,-1,0
3455,247,6
3456,1071,24
3457,41,1
3458,82,2
3459,144,3
3460,411,9
3461,124,3
3462,42,1
3463,165,4
3464,124,3
3465,42,1
3466,82,2
3467,0,0
3468,123,3
3469,227,5
3470,-1,0
3471,42,1
3472,83,2
3473,41,1
3474,82,2
3475,288,7
3476,-1,0
3477,40,1
3478,41,1
3479,0,0
3480,0,0
3481,164,4
3482,41,1
3483,144,3
3484,82,2
3485,41,1
3486,412,9
3487,83,2
3488,226,5
3489,207,5
3490,0,0
3491,304,3
3492,350,8
3493,551,9
3494,124,3
3495,42,1
3496,0,0
3497,41,1
3498,41,1
3499,185,4
3500,0,0
3501,41,1
3502,-2,0
3503,205,4
3504,2316,29
3505,42,1
3506,124,3
3507,124,3
3508,0,0
3509,-1,0
3510,41,1
3511,185,4
3512,185,4
3513,124,3
3514,41,1
3515,351,8
3516,1214,27
3517,41,1
3518,206,5
3519,124,3
3520,227,5
3521,369,8
3522,905,20
3523,41,1
3524,185,4
3525,288,6
3526,226,5
3527,165,4
3528,184,4
3529,653,11
3530,185,4
3531,82,2
3532,41,1
3533,42,1
3534,-1,0
3535,40,1
3536,0,0
3537,432,9
3538,184,4
3539,41,1
3540,226,5
3541,-1,0
3542,42,1
3543,42,1
3544,83,2
3545,124,3
3546,206,5
3547,42,1
3548,82,2
3549,596,13
3550,41,1
3551,82,2
3552,41,1
3553,83,2
3554,0,0
3555,226,5
3556,0,0
3557,41,1
3558,124,3
3559,41,1
3560,142,3
3561,0,0
3562,83,2
3563,123,3
3564,83,2
3565,40,1
3566,184,4
3567,123,3
3568,165,4
3569,42,1
3570,0,0
3571,166,4
3572,370,8
3573,124,3
3574,41,1
3575,83,2
3576,227,5
3577,41,1
3578,144,3
3579,41,1
3580,83,2
3581,41,1
3582,350,8
3583,392,9
3584,41,1
3585,41,1
3586,41,1
3587,185,4
3588,268,6
3589,247,6
3590,83,2
3591,0,0
3592,41,1
3593,41,1
3594,207,5
3595,165,4
3596,0,0
3597,267,6
3598,42,1
3599,164,4
3600,616,13
3601,41,1
3602,41,1
3603,535,12
3604,83,2
3605,557,13
3606,248,6
3607,124,3
3608,762,17
3609,82,2
3610,41,1
3611,206,5
3612,617,13
3613,1,0
3614,41,1
3615,83,2
3616,328,7
3617,287,6
3618,0,0
3619,510,8
3620,309,7
3621,0,0
3622,268,6
3623,286,6
3624,83,2
3625,227,5
3626,268,6
3627,82,2
3628,41,1
3629,1415,28
3630,0,0
3631,123,3
3632,41,1
3633,83,2
3634,82,2
3635,82,2
3636,206,5
3637,143,3
3638,535,12
3639,164,4
3640,41,1
3641,0,0
3642,781,17
3643,83,2
3644,0,0
3645,165,4
3646,41,1
3647,41,1
3648,83,2
3649,83,2
3650,41,1
3651,124,3
3652,246,5
3653,268,6
3654,101,2
3655,41,1
3656,0,0
3657,41,1
3658,41,1
3659,83,2
3660,144,3
3661,41,1
3662,41,1
3663,124,3
3664,246,5
3665,82,2
3666,83,2
3667,82,2
3668,42,1
3669,165,4
3670,473,10
3671,41,1
3672,144,3
3673,0,0
3674,350,8
3675,124,3
3676,41,1
3677,83,2
3678,42,1
3679,42,1
3680,0,0
3681,0,0
3682,0,0
3683,675,12
3684,1687,37
3685,0,0
3686,83,2
3687,598,14
3688,83,2
3689,142,3
3690,82,2
3691,102,2
3692,82,2
3693,0,0
3694,40,1
3695,186,4
3696,41,1
3697,42,1
3698,144,3
3699,83,2
3700,83,2
3701,41,1
3702,-1,0
3703,0,0
3704,345,4
3705,433,10
3706,82,2
3707,1925,36
3708,83,2
3709,185,4
3710,83,2
3711,41,1
3712,102,2
3713,83,2
3714,654,11
3715,124,3
3716,41,1
3717,41,1
3718,0,0
3719,433,10
3720,267,6
3721,0,0
3722,41,1
3723,103,2
3724,82,2
3725,82,2
3726,144,3
3727,638,14
3728,226,5
3729,144,3
3730,165,4
3731,535,12
3732,184,4
3733,42,1
3734,41,1
3735,41,1
3736,0,0
3737,82,2
3738,309,7
3739,370,8
3740,185,4
3741,41,1
3742,391,9
3743,225,5
3744,41,1
3745,0,0
3746,428,6
3747,82,2
3748,165,4
3749,144,3
3750,124,3
3751,83,2
3752,83,2
3753,41,1
3754,185,4
3755,958,14
3756,309,7
3757,185,4
3758,41,1
3759,41,1
3760,309,7
3761,207,5
3762,144,3
3763,41,1
3764,984,19
3765,1477,29
3766,0,0
3767,82,2
3768,41,1
3769,124,3
3770,268,6
3771,41,1
3772,83,2
3773,0,0
3774,143,3
3775,0,0
3776,124,3
3777,267,6
3778,0,0
3779,287,6
3780,41,1
3781,864,19
3782,124,3
3783,83,2
3784,41,1
3785,83,2
3786,267,6
3787,1420,32
3788,42,1
3789,40,1
3790,41,1
3791,267,6
3792,83,2
3793,0,0
3794,124,3
3795,41,1
3796,391,9
3797,781,17
3798,41,1
3799,41,1
3800,124,3
3801,267,6
3802,41,1
3803,40,1
3804,83,2
3805,0,0
3806,144,3
3807,165,4
3808,123,3
3809,41,1
3810,42,1
3811,164,4
3812,41,1
3813,144,3
3814,41,1
3815,469,7
3816,1184,19
3817,206,5
3818,186,4
3819,226,5
3820,143,3
3821,268,6
3822,1460,32
3823,0,0
3824,0,0
3825,143,3
3826,225,5
3827,1,0
3828,124,3
3829,142,3
3830,802,17
3831,267,6
3832,0,0
3833,185,4
3834,124,3
3835,227,5
3836,268,6
3837,226,5
3838,391,9
3839,803,18
3840,720,16
3841,-1,0
3842,577,13
3843,510,8
3844,83,2
3845,1192,26
3846,309,7
3847,124,3
3848,390,8
3849,391,9
3850,42,1
3851,287,6
3852,41,1
3853,515,12
3854,411,9
3855,82,2
3856,268,6
3857,166,4
3858,143,3
3859,248,6
3860,0,0
3861,309,7
3862,42,1
3863,391,9
3864,473,10
3865,82,2
3866,370,8
3867,41,1
3868,165,4
3869,83,2
3870,309,7
3871,452,10
3872,0,0
3873,556,13
3874,778,14
3875,143,3
3876,762,17
3877,41,1
3878,124,3
3879,0,0
3880,268,6
3881,0,0
3882,557,13
3883,206,5
3884,123,3
3885,42,1
3886,309,7
3887,41,1
3888,185,4
3889,0,0
3890,82,2
3891,699,15
3892,371,9
3893,226,5
3894,0,0
3895,185,4
3896,268,6
3897,41,1
3898,494,11
3899,41,1
3900,41,1
3901,124,3
3902,41,1
3903,1679,15
3904,42,1
3905,40,1
3906,494,11
3907,41,1
3908,529,8
3909,289,7
3910,185,4
3911,184,4
3912,287,6
3913,124,3
3914,0,0
3915,41,1
3916,0,0
3917,351,8
3918,42,1
3919,248,6
3920,0,0
3921,267,6
3922,184,4
3923,41,1
3924,472,10
3925,453,10
3926,165,4
3927,165,4
3928,0,0
3929,411,9
3930,0,0
3931,41,1
3932,82,2
3933,1374,27
3934,124,3
3935,227,5
3936,83,2
3937,309,7
3938,0,0
3939,124,3
3940,83,2
3941,83,2
3942,638,14
3943,329,7
3944,165,4
3945,247,6
3946,0,0
3947,83,2
3948,165,4
3949,797,14
3950,860,16
3951,0,0
3952,0,0
3953,124,3
3954,1023,19
3955,227,5
3956,411,9
3957,267,6
3958,618,14
3959,41,1
3960,861,16
3961,979,15
3962,41,1
3963,82,2
3964,309,7
3965,289,7
3966,103,2
3967,679,15
3968,185,4
3969,309,7
3970,165,4
3971,83,2
3972,309,7
3973,83,2
3974,350,8
3975,165,4
3976,82,2
3977,966,20
3978,782,17
3979,124,3
3980,83,2
3981,248,6
3982,82,2
3983,144,3
3984,350,8
3985,41,1
3986,0,0
3987,494,11
3988,124,3
3989,41,1
3990,674,11
3991,42,1
3992,41,1
3993,453,10
3994,268,6
3995,124,3
3996,864,19
3997,42,1
3998,165,4
3999,41,1
4000,245,5
4001,432,10
4002,0,0
4003,0,0
4004,227,5
4005,185,4
4006,165,4
4007,41,1
4008,83,2
4009,165,4
4010,1637,29
4011,-1,0
4012,185,4
4013,267,6
4014,144,3
4015,391,9
4016,-1,0
4017,576,13
4018,884,19
4019,535,12
4020,41,1
4021,226,5
4022,572,9
4023,268,6
4024,453,10
4025,268,6
4026,166,4
4027,0,0
4028,268,6
4029,-1,0
4030,370,8
4031,411,9
4032,433,10
4033,41,1
4034,205,4
4035,41,1
4036,0,0
4037,556,12
4038,329,7
4039,509,8
4040,350,8
4041,535,12
4042,82,2
4043,82,2
4044,124,3
4045,0,0
4046,185,4
4047,165,4
4048,144,3
4049,247,6
4050,206,5
4051,124,3
4052,143,3
4053,371,8
4054,0,0
4055,0,0
4056,370,8
4057,309,7
4058,144,3
4059,0,0
4060,469,7
4061,0,0
4062,473,10
4063,124,3
4064,1,0
4065,433,10
4066,1,0
4067,40,1
4068,-1,0
4069,102,2
4070,83,2
4071,165,4
4072,227,5
4073,82,2
4074,801,17
4075,1126,21
4076,41,1
4077,555,12
4078,144,3
4079,289,7
4080,0,0
4081,42,1
4082,41,1
4083,124,3
4084,0,0
4085,41,1
4086,83,2
4087,0,0
4088,267,6
4089,268,6
4090,757,13
4091,82,2
4092,124,3
4093,41,1
4094,83,2
4095,82,2
4096,880,16
4097,124,3
4098,164,4
4099,124,3
4100,596,13
4101,247,6
4102,41,1
4103,0,0
4104,309,7
4105,514,11
4106,124,3
4107,473,10
4108,40,1
4109,-1,0
4110,453,10
4111,41,1
4112,185,4
4113,247,5
4114,185,4
4115,901,17
4116,474,11
4117,82,2
4118,124,3
4119,226,5
4120,0,0
4121,144,3
4122,124,3
4123,42,1
4124,82,2
4125,103,2
4126,287,6
4127,412,9
4128,370,8
4129,41,1
4130,185,4
4131,185,4
4132,535,12
4133,83,2
4134,555,12
4135,83,2
4136,83,2
4137,330,8
4138,41,1
4139,40,1
4140,144,3
4141,83,2
4142,0,0
4143,308,7
4144,268,6
4145,453,10
4146,469,7
4147,248,6
4148,453,10
4149,268,6
4150,248,6
4151,289,7
4152,-1,0
4153,288,6
4154,309,7
4155,144,3
4156,1326,21
4157,226,5
4158,41,1
4159,762,17
4160,350,8
4161,185,4
4162,268,6
4163,0,0
4164,165,4
4165,206,5
4166,226,5
4167,433,10
4168,124,3
4169,925,20
4170,412,10
4171,469,7
4172,268,6
4173,41,1
4174,839,15
4175,185,4
4176,124,3
4177,0,0
4178,42,1
4179,-1,0
4180,248,6
4181,185,4
4182,227,5
4183,309,7
4184,41,1
4185,762,17
4186,943,18
4187,1040,16
4188,2253,42
4189,226,5
4190,864,19
4191,82,2
4192,226,5
4193,0,0
4194,83,2
4195,207,5
4196,289,7
4197,556,13
4198,637,14
4199,143,3
4200,227,5
4201,1092,25
4202,756,13
4203,165,4
4204,-1,0
4205,411,9
4206,1333,26
4207,557,13
4208,41,1
4209,391,9
4210,227,5
4211,289,7
4212,124,3
4213,530,8
4214,41,1
4215,469,7
4216,41,1
4217,144,3
4218,186,4
4219,83,2
4220,102,2
4221,474,11
4222,1245,20
4223,0,0
4224,226,5
4225,309,7
4226,165,4
4227,124,3
4228,350,8
4229,350,8
4230,83,2
4231,185,4
4232,83,2
4233,83,2
4234,472,10
4235,248,6
4236,42,1
4237,864,19
4238,350,8
4239,510,8
4240,452,10
4241,268,6
4242,165,4
4243,1575,28
4244,268,6
4245,1292,25
4246,166,4
4247,83,2
4248,453,10
4249,41,1
4250,289,7
4251,144,3
4252,165,4
4253,184,4
4254,536,12
4255,41,1
4256,144,3
4257,392,9
4258,267,6
4259,41,1
4260,41,1
4261,124,3
4262,185,4
4263,268,6
4264,41,1
4265,144,3
4266,2949,39
4267,185,4
4268,83,2
4269,719,15
4270,309,7
4271,268,6
4272,1436,29
4273,124,3
4274,350,8
4275,309,7
4276,185,4
4277,268,6
4278,144,3
4279,206,5
4280,345,4
4281,124,3
4282,41,1
4283,0,0
4284,83,2
4285,-1,0
4286,268,6
4287,42,1
4288,123,3
4289,227,5
4290,287,6
4291,345,4
4292,83,2
4293,42,1
4294,473,10
4295,124,3
4296,0,0
4297,41,1
4298,1029,23
4299,82,2
4300,144,3
4301,514,11
4302,225,5
4303,494,11
4304,226,5
4305,123,3
4306,40,1
4307,720,16
4308,226,5
4309,124,3
4310,227,5
4311,350,8
4312,350,8
4313,42,1
4314,206,5
4315,83,2
4316,248,6
4317,42,1
4318,494,11
4319,392,9
4320,720,16
4321,185,4
4322,453,10
4323,124,3
4324,555,12
4325,350,8
4326,83,2
4327,227,5
4328,0,0
4329,0,0
4330,535,12
4331,555,12
4332,124,3
4333,103,2
4334,41,1
4335,329,7
4336,165,4
4337,350,8
4338,124,3
4339,207,5
4340,226,5
4341,41,1
4342,-1,0
4343,886,21
4344,42,1
4345,83,2
4346,185,4
4347,41,1
4348,1130,24
4349,83,2
4350,41,1
4351,204,4
4352,576,13
4353,83,2
4354,453,10
4355,41,1
4356,165,4
4357,124,3
4358,42,1
4359,1597,13
4360,618,14
4361,268,6
4362,41,1
4363,144,3
4364,185,4
4365,0,0
4366,1133,26
4367,0,0
4368,2933,42
4369,942,17
4370,207,5
4371,42,1
4372,83,2
4373,494,11
4374,819,15
4375,329,7
4376,350,8
4377,391,8
4378,144,3
4379,42,1
4380,289,7
4381,83,2
4382,267,6
4383,82,2
4384,42,1
4385,371,9
4386,206,5
4387,823,18
4388,82,2
4389,0,0
4390,164,4
4391,226,5
4392,391,9
4393,268,6
4394,268,6
4395,0,0
4396,864,19
4397,-1,0
4398,124,3
4399,83,2
4400,42,1
4401,41,1
4402,916,13
4403,41,1
4404,124,3
4405,165,4
4406,41,1
4407,350,8
4408,83,2
4409,823,18
4410,474,11
4411,556,13
4412,287,6
4413,392,9
4414,41,1
4415,433,10
4416,247,5
4417,350,8
4418,-1,0
4419,207,5
4420,143,3
4421,83,2
4422,0,0
4423,82,2
4424,0,0
4425,0,0
4426,391,9
4427,885,20
4428,124,3
4429,0,0
4430,41,1
4431,941,17
4432,83,2
4433,0,0
4434,267,6
4435,40,1
4436,165,4
4437,452,10
4438,165,4
4439,596,13
4440,144,3
4441,41,1
4442,1352,26
4443,370,8
4444,900,16
4445,659,15
4446,452,10
4447,1,0
4448,82,2
4449,0,0
4450,329,7
4451,0,0
4452,715,12
4453,330,8
4454,124,3
4455,654,11
4456,247,6
4457,144,3
4458,330,8
4459,124,3
4460,83,2
4461,351,8
4462,268,6
4463,166,4
4464,185,4
4465,309,7
4466,1272,25
4467,474,11
4468,185,4
4469,267,6
4470,226,5
4471,638,14
4472,185,4
4473,103,2
4474,469,7
4475,287,6
4476,288,6
4477,638,14
4478,83,2
4479,798,14
4480,226,5
4481,144,3
4482,206,5
4483,370,8
4484,1275,28
4485,227,5
4486,489,7
4487,82,2
4488,0,0
4489,42,1
4490,206,5
4491,82,2
4492,268,6
4493,41,1
4494,83,2
4495,411,9
4496,42,1
4497,659,15
4498,488,7
4499,248,6
4500,41,1
4501,289,7
4502,370,8
4503,308,7
4504,144,3
4505,42,1
4506,165,4
4507,41,1
4508,207,5
4509,123,3
4510,185,4
4511,432,10
4512,267,6
4513,288,6
4514,226,5
4515,227,5
4516,41,1
4517,226,5
4518,720,16
4519,329,7
4520,576,13
4521,331,8
4522,207,5
4523,83,2
4524,143,3
4525,-1,0
4526,659,15
4527,576,13
4528,0,0
4529,658,14
4530,165,4
4531,309,7
4532,411,9
4533,226,5
4534,41,1
4535,206,5
4536,42,1
4537,0,0
4538,185,4
4539,83,2
4540,370,8
4541,618,14
4542,124,3
4543,144,3
4544,83,2
4545,0,0
4546,83,2
4547,350,8
4548,-1,0
4549,41,1
4550,1539,31
4551,0,0
4552,83,2
4553,392,9
4554,370,8
4555,289,7
4556,165,4
4557,123,3
4558,83,2
4559,83,2
4560,372,9
4561,42,1
4562,226,5
4563,0,0
4564,42,1
4565,268,6
4566,700,16
4567,247,5
4568,431,9
4569,330,8
4570,165,4
4571,82,2
4572,637,14
4573,124,3
4574,0,0
4575,185,4
4576,227,5
4577,207,5
4578,83,2
4579,638,14
4580,0,0
4581,83,2
4582,42,1
4583,83,2
4584,165,4
4585,-1,0
4586,41,1
4587,83,2
4588,165,4
4589,350,8
4590,1415,28
4591,82,2
4592,144,3
4593,165,4
4594,165,4
4595,557,13
4596,453,10
4597,679,15
4598,186,4
4599,144,3
4600,715,12
4601,226,5
4602,1539,31
4603,535,12
4604,82,2
4605,41,1
4606,123,3
4607,268,6
4608,144,3
4609,659,15
4610,267,6
4611,695,12
4612,0,0
4613,1007,22
4614,1503,34
4615,535,12
4616,144,3
4617,557,13
4618,124,3
4619,433,10
4620,515,12
4621,165,4
4622,309,7
4623,433,10
4624,123,3
4625,82,2
4626,83,2
4627,144,3
4628,83,2
4629,206,5
4630,802,17
4631,557,13
4632,41,1
4633,1043,19
4634,206,5
4635,433,10
4636,247,6
4637,-1,0
4638,227,5
4639,289,7
4640,186,4
4641,700,16
4642,575,12
4643,412,9
4644,329,7
4645,329,7
4646,124,3
4647,0,0
4648,309,7
4649,83,2
4650,207,5
4651,185,4
4652,700,16
4653,41,1
4654,390,8
4655,102,2
4656,776,13
4657,453,10
4658,268,6
4659,1044,19
4660,1152,25
4661,289,7
4662,226,5
4663,0,0
4664,185,4
4665,268,6
4666,0,0
4667,165,4
4668,1332,26
4669,83,2
4670,82,2
4671,124,3
4672,386,5
4673,247,6
4674,2423,51
4675,83,2
4676,350,8
4677,329,7
4678,227,5
4679,124,3
4680,905,20
4681,83,2
4682,1494,27
4683,207,5
4684,144,3
4685,947,21
4686,42,1
4687,288,6
4688,82,2
4689,536,12
4690,143,3
4691,433,10
4692,804,19
4693,144,3
4694,2765,52
4695,124,3
4696,370,8
4697,185,4
4698,839,15
4699,576,13
4700,165,4
4701,390,8
4702,453,10
4703,370,8
4704,2443,50
4705,860,16
4706,124,3
4707,0,0
4708,166,4
4709,165,4
4710,185,4
4711,227,5
4712,144,3
4713,41,1
4714,536,13
4715,289,7
4716,83,2
4717,535,12
4718,83,2
4719,984,19
4720,2114,43
4721,742,17
4722,82,2
4723,0,0
4724,226,5
4725,473,11
4726,0,0
4727,370,8
4728,267,6
4729,42,1
4730,165,4
4731,0,0
4732,715,12
4733,778,14
4734,123,3
4735,268,6
4736,83,2
4737,0,0
4738,185,4
4739,41,1
4740,41,1
4741,227,5
4742,557,13
4743,597,13
4744,370,8
4745,331,8
4746,618,14
4747,1740,16
4748,761,17
4749,227,5
4750,329,7
4751,185,4
4752,124,3
4753,83,2
4754,983,18
4755,248,6
4756,433,10
4757,1287,21
4758,83,2
4759,268,6
4760,350,8
4761,268,6
4762,698,15
4763,41,1
4764,124,3
4765,513,11
4766,144,3
4767,287,6
4768,124,3
4769,308,7
4770,83,2
4771,165,4
4772,551,9
4773,432,9
4774,41,1
4775,412,9
4776,207,5
4777,248,6
4778,41,1
4779,882,18
4780,371,8
4781,454,11
4782,474,11
4783,124,3
4784,1246,21
4785,351,8
4786,123,3
4787,474,11
4788,267,6
4789,124,3
4790,576,13
4791,165,4
4792,42,1
4793,41,1
4794,248,6
4795,124,3
4796,185,4
4797,42,1
4798,41,1
4799,658,14
4800,83,2
4801,124,3
4802,494,11
4803,42,1
4804,207,5
4805,165,4
4806,247,5
4807,41,1
4808,41,1
4809,42,1
4810,143,3
4811,42,1
4812,454,11
4813,83,2
4814,433,10
4815,999,15
4816,350,8
4817,473,10
4818,370,8
4819,823,18
4820,1133,26
4821,288,6
4822,350,8
4823,474,11
4824,330,8
4825,0,0
4826,165,4
4827,0,0
4828,453,10
4829,0,0
4830,144,3
4831,981,17
4832,82,2
4833,165,4
4834,41,1
4835,185,4
4836,598,14
4837,41,1
4838,289,7
4839,0,0
4840,309,7
4841,184,4
4842,82,2
4843,82,2
4844,1373,27
4845,124,3
4846,268,6
4847,309,7
4848,267,6
4849,330,8
4850,268,6
4851,83,2
4852,144,3
4853,186,4
4854,185,4
4855,552,9
4856,2173,26
4857,226,5
4858,309,7
4859,1663,34
4860,659,15
4861,489,7
4862,392,9
4863,102,2
4864,370,8
4865,904,19
4866,82,2
4867,308,7
4868,350,8
4869,165,4
4870,82,2
4871,42,1
4872,309,7
4873,654,11
4874,226,5
4875,102,2
4876,226,5
4877,124,3
4878,596,13
4879,763,18
4880,1235,28
4881,0,0
4882,-1,0
4883,227,5
4884,165,4
4885,330,8
4886,186,4
4887,351,8
4888,124,3
4889,82,2
4890,207,5
4891,42,1
4892,392,9
4893,411,9
4894,41,1
4895,268,6
4896,268,6
4897,144,3
4898,82,2
4899,82,2
4900,124,3
4901,530,8
4902,576,13
4903,535,12
4904,123,3
4905,165,4
4906,0,0
4907,185,4
4908,653,11
4909,679,15
4910,83,2
4911,350,8
4912,82,2
4913,83,2
4914,207,5
4915,83,2
4916,555,12
4917,248,6
4918,41,1
4919,-1,0
4920,268,6
4921,0,0
4922,701,17
4923,289,7
4924,0,0
4925,740,16
4926,268,6
4927,289,7
4928,123,3
4929,165,4
4930,865,20
4931,144,3
4932,452,10
4933,207,5
4934,226,5
4935,1172,26
4936,370,8
4937,267,6
4938,1722,33
4939,1192,26
4940,42,1
4941,247,6
4942,144,3
4943,268,6
4944,144,3
4945,268,6
4946,165,4
4947,431,9
4948,844,19
4949,329,7
4950,165,4
4951,102,2
4952,83,2
4953,227,5
4954,268,6
4955,289,7
4956,124,3
4957,124,3
4958,227,5
4959,185,4
4960,268,6
4961,1009,23
4962,82,2
4963,391,9
4964,452,10
4965,185,4
4966,268,6
4967,-1,0
4968,452,9
4969,185,4
4970,859,15
4971,494,11
4972,494,11
4973,226,5
4974,185,4
4975,474,11
4976,124,3
4977,185,4
4978,124,3
4979,0,0
4980,453,10
4981,309,7
4982,82,2
4983,124,3
4984,1109,23
4985,679,15
4986,227,5
4987,247,6
4988,83,2
4989,205,4
4990,983,18
4991,452,10
4992,103,2
4993,226,5
4994,41,1
4995,41,1
4996,0,0
4997,83,2
4998,41,1
4999,226,5
5000,207,5
5001,227,5
5002,1421,32
5003,1271,24
5004,720,16
5005,516,12
5006,742,17
5007,927,22
5008,185,4
5009,1127,21
5010,513,11
5011,205,5
5012,207,5
5013,102,2
5014,0,0
5015,0,0
5016,268,6
5017,124,3
5018,659,15
5019,102,2
5020,83,2
5021,102,2
5022,82,2
5023,391,9
5024,248,6
5025,0,0
5026,83,2
5027,185,4
5028,515,12
5029,700,16
5030,618,14
5031,268,6
5032,0,0
5033,226,5
5034,247,6
5035,329,7
5036,185,4
5037,330,8
5038,598,14
5039,41,1
5040,123,3
5041,370,8
5042,226,5
5043,309,7
5044,83,2
5045,41,1
5046,370,8
5047,412,9
5048,41,1
5049,0,0
5050,289,7
5051,2237,45
5052,124,3
5053,185,4
5054,165,4
5055,82,2
5056,83,2
5057,41,1
5058,884,19
5059,330,8
5060,41,1
5061,83,2
5062,-1,0
5063,535,12
5064,392,9
5065,186,4
5066,1298,30
5067,330,8
5068,185,4
5069,227,5
5070,124,3
5071,83,2
5072,185,4
5073,407,5
5074,82,2
5075,207,5
5076,82,2
5077,226,5
5078,267,6
5079,205,5
5080,164,4
5081,226,5
5082,-1,0
5083,453,10
5084,593,10
5085,-1,0
5086,1,0
5087,761,17
5088,247,6
5089,555,12
5090,206,5
5091,83,2
5092,1415,28
5093,452,10
5094,329,7
5095,40,1
5096,248,6
5097,166,4
5098,309,7
5099,289,7
5100,185,4
5101,412,9
5102,143,3
5103,1275,28
5104,1395,28
5105,206,5
5106,741,17
5107,0,0
5108,102,2
5109,1247,5
5110,83,2
5111,82,2
5112,639,15
5113,248,6
5114,879,15
5115,1720,16
5116,432,9
5117,226,5
5118,248,6
5119,2210,40
5120,103,2
5121,268,6
5122,144,3
5123,0,0
5124,288,6
5125,0,0
5126,431,9
5127,248,6
5128,328,7
5129,839,15
5130,42,1
5131,659,15
5132,166,4
5133,1085,20
5134,41,1
5135,781,17
5136,309,7
5137,83,2
5138,699,16
5139,494,11
5140,82,2
5141,83,2
5142,185,4
5143,289,7
5144,1337,30
5145,268,6
5146,-1,0
5147,227,5
5148,41,1
5149,778,14
5150,268,6
5151,370,8
5152,412,9
5153,83,2
5154,370,8
5155,185,4
5156,165,4
5157,658,14
5158,185,4
5159,42,1
5160,83,2
5161,986,21
5162,1399,31
5163,411,9
5164,576,13
5165,206,5
5166,0,0
5167,247,6
5168,392,9
5169,309,7
5170,82,2
5171,184,4
5172,535,12
5173,372,9
5174,613,10
5175,42,1
5176,1820,17
5177,165,4
5178,-1,0
5179,82,2
5180,144,3
5181,411,9
5182,1173,26
5183,634,11
5184,720,16
5185,0,0
5186,41,1
5187,1276,29
5188,247,6
5189,41,1
5190,227,5
5191,756,13
5192,42,1
5193,308,7
5194,0,0
5195,839,15
5196,83,2
5197,350,8
5198,-1,0
5199,309,7
5200,659,15
5201,82,2
5202,411,9
5203,1168,22
5204,309,7
5205,699,15
5206,185,4
5207,83,2
5208,350,8
5209,83,2
5210,83,2
5211,83,2
5212,1151,25
5213,963,18
5214,345,4
5215,0,0
5216,-1,0
5217,0,0
5218,474,11
5219,103,2
5220,268,6
5221,452,10
5222,0,0
5223,2234,27
5224,268,6
5225,144,3
5226,124,3
5227,124,3
5228,268,6
5229,166,4
5230,42,1
5231,288,6
5232,1954,43
5233,803,18
5234,433,10
5235,124,3
5236,1272,25
5237,83,2
5238,-1,0
5239,123,3
5240,42,1
5241,83,2
5242,967,21
5243,185,4
5244,227,5
5245,370,8
5246,144,3
5247,494,11
5248,864,19
5249,-1,0
5250,6015,124
5251,41,1
5252,598,14
5253,329,7
5254,391,9
5255,124,3
5256,555,12
5257,1250,24
5258,412,9
5259,0,0
5260,166,4
5261,185,4
5262,41,1
5263,83,2
5264,144,3
5265,42,1
5266,303,3
5267,289,7
5268,248,6
5269,596,13
5270,82,2
5271,740,16
5272,268,6
5273,42,1
5274,654,11
5275,577,13
5276,0,0
5277,390,8
5278,124,3
5279,309,7
5280,742,17
5281,82,2
5282,576,13
5283,226,5
5284,638,14
5285,82,2
5286,329,7
5287,516,12
5288,289,7
5289,762,17
5290,328,7
5291,206,5
5292,206,5
5293,42,1
5294,40,1
5295,411,9
5296,40,1
5297,0,0
5298,289,7
5299,165,4
5300,1272,25
5301,288,6
5302,473,10
5303,82,2
5304,803,18
5305,865,20
5306,83,2
5307,206,5
5308,123,3
5309,309,7
5310,1131,25
5311,206,5
5312,1743,35
5313,41,1
5314,1003,18
5315,474,11
5316,41,1
5317,185,4
5318,124,3
5319,41,1
5320,124,3
5321,1112,25
5322,42,1
5323,844,19
5324,124,3
5325,185,4
5326,638,14
5327,288,6
5328,185,4
5329,41,1
5330,185,4
5331,-1,0
5332,268,6
5333,-1,0
5334,83,2
5335,411,9
5336,82,2
5337,185,4
5338,206,5
5339,901,17
5340,83,2
5341,453,10
5342,124,3
5343,268,6
5344,474,11
5345,762,17
5346,0,0
5347,124,3
5348,1986,36
5349,967,21
5350,885,20
5351,1332,26
5352,41,1
5353,530,8
5354,185,4
5355,206,5
5356,411,9
5357,289,7
5358,227,5
5359,308,7
5360,165,4
5361,82,2
5362,40,1
5363,572,9
5364,2011,41
5365,329,7
5366,83,2
5367,552,9
5368,-1,0
5369,1517,29
5370,309,7
5371,206,5
5372,819,15
5373,798,14
5374,474,11
5375,227,5
5376,453,10
5377,83,2
5378,432,9
5379,124,3
5380,206,5
5381,1502,33
5382,165,4
5383,41,1
5384,433,10
5385,185,4
5386,248,6
5387,42,1
5388,41,1
5389,387,5
5390,227,5
5391,289,7
5392,942,17
5393,433,10
5394,309,7
5395,206,5
5396,248,6
5397,124,3
5398,982,18
5399,308,7
5400,124,3
5401,577,13
5402,453,10
5403,41,1
5404,124,3
5405,41,1
5406,329,7
5407,700,16
5408,433,10
5409,123,3
5410,1148,22
5411,329,7
5412,2773,58
5413,535,12
5414,1349,23
5415,617,13
5416,123,3
5417,124,3
5418,1991,41
5419,721,16
5420,824,19
5421,184,4
5422,721,17
5423,1247,21
5424,165,4
5425,83,2
5426,576,13
5427,432,9
5428,41,1
5429,413,10
5430,-1,0
5431,41,1
5432,267,6
5433,350,8
5434,186,4
5435,1251,24
5436,309,7
5437,1247,5
5438,0,0
5439,206,5
5440,1707,37
5441,124,3
5442,370,8
5443,83,2
5444,82,2
5445,309,7
5446,41,1
5447,494,11
5448,717,13
5449,143,3
5450,185,4
5451,901,17
5452,0,0
5453,124,3
5454,-1,0
5455,0,0
5456,42,1
5457,83,2
5458,248,6
5459,124,3
5460,391,9
5461,83,2
5462,1276,28
5463,248,6
5464,144,3
5465,124,3
5466,83,2
5467,371,8
5468,248,6
5469,309,7
5470,371,9
5471,350,8
5472,166,4
5473,289,7
5474,617,13
5475,41,1
5476,659,15
5477,124,3
5478,370,8
5479,185,4
5480,0,0
5481,1081,17
5482,124,3
5483,41,1
5484,350,8
5485,0,0
5486,83,2
5487,207,5
5488,226,5
5489,555,12
5490,329,7
5491,494,11
5492,288,6
5493,206,5
5494,824,19
5495,329,7
5496,226,5
5497,0,0
5498,473,10
5499,370,8
5500,289,7
5501,1044,19
5502,207,5
5503,1090,24
5504,41,1
5505,144,3
5506,986,21
5507,576,13
5508,103,2
5509,185,4
5510,555,12
5511,82,2
5512,124,3
5513,699,15
5514,350,8
5515,823,18
5516,737,13
5517,-1,0
5518,433,10
5519,922,17
5520,309,7
5521,370,8
5522,433,10
5523,494,11
5524,451,9
5525,124,3
5526,83,2
5527,83,2
5528,757,13
5529,757,14
5530,144,3
5531,144,3
5532,41,1
5533,350,8
5534,289,7
5535,943,18
5536,185,4
5537,40,1
5538,613,10
5539,1173,26
5540,1194,27
5541,83,2
5542,412,9
5543,103,2
5544,392,9
5545,124,3
5546,309,7
5547,432,9
5548,83,2
5549,226,5
5550,41,1
5551,1601,32
5552,370,8
5553,576,13
5554,82,2
5555,432,10
5556,185,4
5557,2320,48
5558,165,4
5559,390,8
5560,535,12
5561,41,1
5562,472,10
5563,144,3
5564,165,4
5565,268,6
5566,83,2
5567,248,6
5568,392,9
5569,619,15
5570,41,1
5571,42,1
5572,741,16
5573,267,6
5574,2188,38
5575,288,6
5576,289,7
5577,-1,0
5578,124,3
5579,288,6
5580,2152,41
5581,165,4
5582,166,4
5583,83,2
5584,0,0
5585,1296,29
5586,515,12
5587,123,3
5588,390,8
5589,82,2
5590,83,2
5591,1254,27
5592,946,21
5593,165,4
5594,432,10
5595,372,9
5596,83,2
5597,267,6
5598,613,10
5599,329,7
5600,-1,0
5601,1,0
5602,268,6
5603,82,2
5604,469,7
5605,309,7
5606,124,3
5607,1276,29
5608,123,3
5609,0,0
5610,123,3
5611,948,22
5612,555,12
5613,447,6
5614,288,6
5615,593,10
5616,41,1
5617,1317,29
5618,1087,21
5619,391,9
5620,2759,31
5621,268,6
5622,124,3
5623,185,4
5624,1964,35
5625,968,22
5626,185,4
5627,616,13
5628,617,13
5629,494,11
5630,1728,38
5631,103,2
5632,124,3
5633,966,21
5634,2023,18
5635,42,1
5636,40,1
5637,1168,22
5638,350,8
5639,740,16
5640,577,13
5641,41,1
5642,330,8
5643,515,12
5644,83,2
5645,41,1
5646,226,5
5647,616,13
5648,41,1
5649,41,1
5650,309,7
5651,946,21
5652,83,2
5653,124,3
5654,1153,26
5655,165,4
5656,777,13
5657,83,2
5658,207,5
5659,124,3
5660,-1,0
5661,103,2
5662,1035,12
5663,83,2
5664,2736,61
5665,454,11
5666,124,3
5667,144,3
5668,124,3
5669,515,12
5670,83,2
5671,988,22
5672,41,1
5673,227,5
5674,165,4
5675,268,6
5676,83,2
5677,83,2
5678,741,17
5679,166,4
5680,329,7
5681,309,7
5682,1147,21
5683,41,1
5684,227,5
5685,412,9
5686,329,7
5687,82,2
5688,390,8
5689,83,2
5690,124,3
5691,598,14
5692,431,9
5693,41,1
5694,124,3
5695,83,2
5696,717,13
5697,82,2
5698,83,2
5699,287,6
5700,41,1
5701,905,20
5702,83,2
5703,246,5
5704,391,8
5705,226,5
5706,124,3
5707,124,3
5708,82,2
5709,776,13
5710,1353,26
5711,818,15
5712,288,6
5713,1543,34
5714,473,11
5715,432,10
5716,0,0
5717,165,4
5718,309,7
5719,309,7
5720,763,18
5721,0,0
5722,83,2
5723,428,6
5724,206,5
5725,144,3
5726,83,2
5727,1030,24
5728,124,3
5729,226,5
5730,268,6
5731,41,1
5732,555,12
5733,658,14
5734,3356,45
5735,83,2
5736,144,3
5737,987,21
5738,947,21
5739,679,15
5740,165,4
5741,83,2
5742,618,14
5743,82,2
5744,1,0
5745,83,2
5746,0,0
5747,948,22
5748,144,3
5749,535,12
5750,453,10
5751,757,13
5752,185,4
5753,165,4
5754,659,15
5755,41,1
5756,42,1
5757,309,7
5758,268,6
5759,247,6
5760,165,4
5761,0,0
5762,82,2
5763,82,2
5764,617,14
5765,248,6
5766,618,14
5767,659,15
5768,0,0
5769,309,7
5770,144,3
5771,350,8
5772,165,4
5773,0,0
5774,83,2
5775,411,9
5776,207,5
5777,719,15
5778,288,6
5779,2337,45
5780,1214,27
5781,42,1
5782,783,18
5783,41,1
5784,350,8
5785,124,3
5786,289,7
5787,83,2
5788,143,3
5789,515,12
5790,83,2
5791,495,12
5792,248,6
5793,267,6
5794,102,2
5795,165,4
5796,186,4
5797,41,1
5798,678,15
5799,494,11
5800,124,3
5801,2703,34
5802,268,6
5803,82,2
5804,350,8
5805,1029,23
5806,124,3
5807,226,5
5808,42,1
5809,123,3
5810,165,4
5811,370,8
5812,822,18
5813,82,2
5814,534,11
5815,185,4
5816,41,1
5817,144,3
5818,124,3
5819,124,3
5820,576,13
5821,103,2
5822,41,1
5823,41,1
5824,1028,22
5825,-1,0
5826,247,6
5827,372,9
5828,905,20
5829,185,4
5830,1249,23
5831,1378,30
5832,432,10
5833,309,7
5834,42,1
5835,103,2
5836,83,2
5837,-1,0
5838,41,1
5839,124,3
5840,-1,0
5841,494,11
5842,1102,17
5843,82,2
5844,165,4
5845,83,2
5846,329,7
5847,454,11
5848,0,0
5849,82,2
5850,864,19
5851,845,20
5852,124,3
5853,268,6
5854,124,3
5855,411,9
5856,288,6
5857,1249,23
5858,515,12
5859,83,2
5860,82,2
5861,-1,0
5862,576,13
5863,124,3
5864,165,4
5865,391,9
5866,124,3
5867,597,13
5868,42,1
5869,-1,0
5870,392,9
5871,41,1
5872,2674,59
5873,577,13
5874,432,10
5875,185,4
5876,309,7
5877,-1,0
5878,41,1
5879,0,0
5880,577,13
5881,227,5
5882,83,2
5883,0,0
5884,576,13
5885,962,18
5886,144,3
5887,639,15
5888,83,2
5889,41,1
5890,206,5
5891,185,4
5892,207,5
5893,659,15
5894,83,2
5895,185,4
5896,165,4
5897,824,19
5898,124,3
5899,925,20
5900,288,7
5901,82,2
5902,1844,19
5903,165,4
5904,576,13
5905,-1,0
5906,185,4
5907,82,2
5908,40,1
5909,-1,0
5910,41,1
5911,41,1
5912,0,0
5913,844,19
5914,494,11
5915,659,15
5916,1513,27
5917,207,5
5918,474,11
5919,185,4
5920,205,4
5921,248,6
5922,638,14
5923,350,8
5924,433,10
5925,165,4
5926,83,2
5927,83,2
5928,124,3
5929,776,13
5930,124,3
5931,453,10
5932,165,4
5933,124,3
5934,41,1
5935,287,6
5936,0,0
5937,412,10
5938,165,4
5939,288,6
5940,82,2
5941,-1,0
5942,1553,27
5943,166,4
5944,330,8
5945,411,9
5946,206,5
5947,268,6
5948,0,0
5949,1275,28
5950,411,9
5951,207,5
5952,392,9
5953,41,1
5954,103,2
5955,227,5
5956,185,4
5957,823,18
5958,329,7
5959,798,14
5960,165,4
5961,1067,22
5962,123,3
5963,516,12
5964,246,5
5965,268,6
5966,351,8
5967,0,0
5968,184,4
5969,1,0
5970,124,3
5971,165,4
5972,248,6
5973,83,2
5974,659,15
5975,82,2
5976,41,1
5977,761,16
5978,1193,27
5979,185,4
5980,267,6
5981,474,11
5982,0,0
5983,288,6
5984,123,3
5985,860,16
5986,247,6
5987,207,5
5988,1681,33
5989,206,5
5990,40,1
5991,165,4
5992,597,13
5993,596,13
5994,329,8
5995,1171,25
5996,83,2
5997,41,1
5998,226,5
5999,576,13
